{
"apiVersion": "V1",
"assemblies": [
{
  "files": [
    {
      "filePath": "data_summary.tsv",
      "fileType": "DATA_TABLE"
    },
    {
      "filePath": "assembly_data_report.jsonl",
      "fileType": "DATA_REPORT"
    }
  ]
},{
  "accession": "GCF_000820495.2",
  "files": [
    {
      "filePath": "GCF_000820495.2/GCF_000820495.2_ViralMultiSegProj14656_genomic.fna",
      "fileType": "GENOMIC_NUCLEOTIDE_FASTA"
    },
    {
      "filePath": "GCF_000820495.2/sequence_report.jsonl",
      "fileType": "SEQUENCE_REPORT"
    }
  ]
}]}
